[
    {
        "tag": "greeting",
        "patterns": [
            "Hi",
            "Hello",
            "Hey",
            "What's up"
        ],
        "responses": [
            "Hi there, How can I help you with EV's",
            "Hello, ",
            "Hey",
            "I'm fine, thank you",
            "Nothing much"
        ]

        
    },
    {
        "tag": "well_being",
        "patterns": [
            "How are you",
            "What's up",
            "how are you",
            "How old are you",
            "how you doing?",
            "what are you doing?"
        ],
        "responses": [
            "Doing good!",
            "I'm doing great, what about you?",
            "I'm fine, thank you",
            "Nothing much"
        ]

        
    },
    {
        "tag": "goodbye",
        "patterns": [
            "Bye","tata",
            "bye bye",
            "by",
            "see you",
            "See you later",
            "Goodbye",
            "Take care"
        ],
        "responses": [
            "Goodbye",
            "See you later",
            "Take care",
            "See ya !!"
        ]
    },
    {
        "tag": "thanks",
        "patterns": [
            "Thank you",
            "Thanks",
            "Thanks a lot",
            "I appreciate it"
        ],
        "responses": [
            "You're welcome",
            "No problem",
            "Glad I could help",
            "Feel free you ask anything","ask me, if you need more info"
        ]
    },
    {
        "tag": "about",
        "patterns": [
            "What can you do",
            "Who are you",
            "What are you",
            "What is your purpose"
        ],
        "responses": [
            "I am a chatbot, who can guide you about Electric Vehicles",
            "My purpose is to guide you about Electric Vehicle and clear your Doubts",
            "I can answer questions and provide assistance about the Electric Vehicle",
            "I can give all the Information about EV, Myths vs Reality, clear Doubts, Compare EV models"
        ]
    },
    {
        "tag": "help",
        "patterns": [
            "Help",
            "I need help",
            "Can you help me",
            "What should I do"
        ],
        "responses": [
            "Sure, what do you need help with? Best EV's, Government subsidy, affordable EV, Comparison Between EV's, EV Models",
            "Ask me anything about EV's and Doubts, Compare models, EV suggestions ",
            "How can I assist you with the Modern EV's ?"
        ]
    },
    {
        "tag": "age",
        "patterns": [
            "How old are you",
            "What's your age"
        ],
        "responses": [
            "I don't have an age. I'm a chatbot who guide you about Electric Vehicles.",
            "I was made by a person named Shantanu for guiding people with EV.",
            "Age is just a number for me."
        ]
    },
    {
        "tag": "weather",
        "patterns": [
            "What's the weather",
            "How the weather today"
        ],
        "responses": [
            "I'm sorry, I cannot provide real-time weather information.",
            "You can check the weather on a weather app or website."
        ]
    },
    {
        "tag": "name",
        "patterns": [
            "What's your name",
            "what is your name",
            "Do you have a name",
            "What should I call you"
        ],
        "responses": [
            "You can call me Chatbot.",
            "My name is Chatbot."
        ]
    },
    {
        "tag": "favorite_color",
        "patterns": [
            "What's your favorite color",
            "Do you like any color"
        ],
        "responses": [
            "I'm a chatbot, so I don't have a favorite color.",
            "As an AI, I don't have preferences like humans do.","When it comes to Sports EV I like the Black but I would also prefer the White"
        ]
    },
    {
        "tag": "hobby",
        "patterns": [
            "what do you like",
            "what do you like to do ",
            "What do you do for fun",
            "Do you have any hobbies"
        ],
        "responses": [
            "I'm here to guide you with EV's, that's my hobby.",
            "I'm always ready to help you with EV's, so that's my favorite thing to do!"
        ]
    },
    {
        "tag": "time",
        "patterns": [
            "What's the time",
            "Can you tell me the time"
        ],
        "responses": [
            "I'm sorry, but I don't have access to real-time information like the current time.",
            "You can check the time on your device or use a clock."
        ]
    },
    {
        "tag": "joke",
        "patterns": [
            "Tell me a joke",
            "Do you know any jokes",
            "Make me laugh",
            "you are so serious"
        ],
        "responses": [
            "Why did the EV win the race against the petrol car? Because it didn’t need to stop for a 'gas'-sipping break!",
            "What do you call an EV that’s run out of charge? A 'static' vehicle!",
            "Why do EVs never get into arguments with petrol cars? Because they know how to stay 'neutral' in every situation! "
        ]
    },
    {
            "tag": "movies",
            "patterns": [
                "What is your favorite movie",
                "Recommend me a movie",
                "Tell me about movies",
                "Suggest me a movie about ev cars",
                "movie suggestion",
                "suggest me a movie"
            ],
            "responses": [
                "If you love cars and racing, you might enjoy movies like 'Fast & Furious' series, 'Ford v Ferrari,' or 'Rush.'",
                "Movies with Futuristic Cars, Robots, and Saving the World are 'I, Robot (2004)', 'Transformers (2007–present)', 'Minority Report (2002)', 'WALL-E (2008)'",
                "'Cars' (animated) is a great pick for car lovers, and it's fun for all ages!"
            ]        
    },
    {
        "tag": "technology_ev",
        "patterns": [
            "What's the latest in EV technology?","advance technology",
            "tell me about advance features","what the advance features","advance ev","features","news about ev","future of ev","latest ev news",
            "What are the recent innovations in electric cars?",
            "evolution in electric vehicle","evolution in ev","evolution of ev"
        ],
        "responses": [
            "Electric vehicle technology is advancing rapidly with improvements in battery efficiency, fast charging, and extended ranges.",
            "Recent innovations in EVs include solid-state batteries, vehicle-to-grid technology, and AI-based driving assistance.",
            "Companies are focusing on sustainable materials, better charging infrastructure, and autonomous driving for EVs.",
            "Check out the latest EV models with cutting-edge features like enhanced safety systems, over-the-air updates, and eco-friendly interiors!"
        ]
    },
    {
        "tag": "compliment",
        "patterns": [
            "You are awesome","you are good",
            "You are great",
            "I like you","i love you"
        ],
        "responses": [
            "Thank you! I'm just a program, but I'm here to assist and make your experience better.",
            "I'm glad you think so! My purpose is to help and provide useful information."
        ]
    },
    {
        "tag": "meaning_of_life",
        "patterns": [
            "What is the meaning of life",
            "Why are we here",
            "What is the purpose of life",
            "How can technology give life meaning",
            "What role does sustainability play in life"
        ],
        "responses": [
            "The meaning of life can include working towards a better future. Embracing sustainable technology helps us protect the planet for future generations.",
            "Sustainability and technology give purpose by enabling us to create innovative solutions to global challenges, like reducing pollution and conserving resources.",
            "Many find meaning in contributing to a greener planet through advancements in renewable energy, electric vehicles, and eco-friendly practices.",
            "By adopting sustainable technology, we ensure that our actions today positively impact the world, fostering a balance between growth and preservation."
        ]
    },
    {
        "tag": "sports_ev",
        "patterns": [
            "Tell me about EV racing","sports electric car","electric sports car",
            "What are electric vehicle sports?","sports ev",
            "Are there any sports for electric cars?",
            "ev vs sports car","sports car vs ev",
            "Can EV compete in sports?",
            "Do electric cars have racing leagues?"
        ],
        "responses": [
            "EV racing is an exciting and growing sport! Events like Formula E showcase the speed and performance of electric cars in competitive racing.",
            "Electric vehicle sports are all about pushing EV technology to its limits, with races focusing on speed, efficiency, and innovation.",
            "Yes, EVs have their own racing leagues like Formula E and Extreme E, which combine thrilling races with a strong message of sustainability.",
            "Formula E is a global championship where fully electric cars race in some of the world's most iconic cities, highlighting the future of motorsport.",
            "With advancements in EV technology, electric cars are proving they can be just as competitive and thrilling as traditional racing vehicles!"
        ]
    },
    {
        "tag": "ev_travel",
        "patterns": [
            "ev for long distance travel?",
            "Are EVs good for off roading?",
            "Can I take an EV to the desert?",
            "EVs near the sea shore?","where can we travel with an ev",
            "can we drive EV on race tracks?",
            "Where can I travel with an EV?",
            "Are EVs suitable for different terrains?",
            "What are the best travel destinations for EVs?"
        ],
        "responses": [
            "EVs are great for long-distance travel, especially with the growing charging infrastructure. Just plan your stops for charging, and you're good to go!",
            "Many EVs are built for off-roading too! Models like the Rivian R1T and Tata Nexon EV have excellent capabilities for rugged terrains.",
            "Traveling to the desert? Make sure your EV is fully charged and plan your trip around available charging points. EVs perform well in such conditions with proper preparation.",
            "Sea shores are a breeze for EVs! They run smoothly on flat terrains, but watch out for sand and salty air to keep your EV in top condition.",
            "EVs are a thrilling choice for race tracks! Their instant torque provides impressive acceleration, making them competitive against traditional cars.",
            "With the right planning, EVs are suitable for various terrains and destinations. Explore mountains, beaches, or even urban escapes while being eco-friendly!"
        ]
    },
    {
        "tag": "ev_career",
        "patterns": [
            "What are the career options in the EV sector?","career in ev sector","jobs in ev sector industry",
            "How can I get a job in electric vehicle companies?","jobs opportunities in ev sector industry",
            "What skills needed to work in the EV industry?","What skills required to work in the EV industry?",
            "Tell me about career growth in the electric vehicle field.",
            "Are there good opportunities in EV technology?",
            "How can I start a career in electric mobility?",
            "What are the best jobs in the EV sector?",
            "Can you suggest some roles in EV development?","career feilds in ev indusrty sector technology"
        ],
        "responses": [
            "The EV sector offers exciting career opportunities, including roles in battery technology, vehicle design, charging infrastructure, and software development.",
            "To get a job in the EV industry, focus on skills like electrical engineering, data analysis, software development, and knowledge of renewable energy systems.",
            "Some of the top roles in the EV sector are EV design engineer, battery systems specialist, charging infrastructure developer, and sustainability consultant.",
            "The EV industry is growing rapidly, providing opportunities for career growth in research, development, manufacturing, and sales.",
            "Starting a career in electric mobility could involve learning about EV systems, pursuing certifications in renewable energy, or gaining experience in automotive technology."
        ]
    },
    {
        "tag": "history_of_ev",
        "patterns": [
            "history of electric vehicles","history of ev industry sector","origin of ev",
            "first ev","first electric vehicle","first electric car","first ev india","first ev model",
            "what is the origin of electric cars?","origin of electric cars?",
            "How did electric vehicles evolve over time?","evolution of ev electric vehicle",
            "What was the first electric car?",
            "Who invented the electric vehicle?","first electric car"
        ],
        "responses": [
            "Electric vehicles (EVs) have a long and fascinating history. The first electric car was created in the 19th century, with early models powered by non-rechargeable batteries.",
            "The first known electric vehicles were created in the early 1800s, but they became more widely recognized in the 1830s when people like Robert Anderson began experimenting with electric power.",
            "The first commercial electric car was developed by William Morrison in 1891 in the United States. His car was a six-passenger vehicle powered by a series of non-rechargeable batteries.",
            "The concept of the electric vehicle dates back to the early 1800s, but major advancements in the 1870s and 1880s were seen with the development of better batteries and more efficient motors.",
            "One of the major milestones in EV history was the development of the first practical electric car in the late 19th century. Another key event was the launch of the Tesla Roadster in 2008, which helped redefine the electric vehicle industry.",
            "In the early days, electric cars were considered more comfortable and easier to drive than their gasoline counterparts. However, the lack of charging infrastructure and limited battery capacity were some of the major challenges they faced."
        ]
    },{
        "tag": "ev_travel_tips",
        "patterns": [
            "tips for traveling with an electric vehicle?","tips for traveling with ev","taveling plan",
            "plan a road trip with an electric car?","plan a road trip with ev","travel plan",
            "things to remember before traveling with EV on a long trip?","ev for long trip","plan a trip",
            "How to manage charging stops during a road trip in an electric vehicle?",
            "travel tips for electric car on highways?","trevel tips","travel tips while driving ev",
            "things to remember before going on a trip with an electric vehicle?"
        ],
        "responses": [
            "Traveling with an electric vehicle requires planning your charging stops ahead of time. Make sure to use apps like PlugShare or ChargePoint to find nearby charging stations.",
            "Before starting a road trip with your electric car, ensure you know your car's range and have a list of charging stations along your route. It's also a good idea to bring along a portable charger if possible.",
            "When planning a long trip with an EV, take into account the distance between charging stations, weather conditions that might affect battery life, and the availability of fast-charging stations to minimize downtime.",
            "You should plan your route with regular charging breaks. Apps that provide real-time data on charging station availability can be lifesavers. Try to stop for charging during meal breaks or sightseeing stops to save time.",
            "Highway driving with an electric car can be efficient, but remember to monitor your speed, as it can affect battery range. Try to maintain a steady speed and avoid rapid acceleration to maximize efficiency.",
            "There are several apps designed to help EV drivers, such as A Better Route Planner (ABRP) and PlugShare. These apps help you find charging stations and plan routes that suit your vehicle's battery range.",
            "To make a long journey more comfortable with your EV, bring along snacks, water, and entertainment for charging breaks. Some EVs offer features like heated or cooled seats, so you can stay comfortable during long stops.",
            "When traveling with an electric vehicle, pack essentials like charging cables, an emergency kit, and a backup power source. Also, don't forget any necessary adapters for different charging stations."
        ]
    },
    {
        "tag": "cybersecurity",
        "patterns": [
            "Tell me about cybersecurity",
            "How to protect against cyber threats",
            "Cybersecurity best practices"
        ],
        "responses": [
            "Cybersecurity involves protecting computers, networks, and data from unauthorized access, attacks, and damage.",
            "Best practices include using strong passwords, keeping software updated, avoiding suspicious links, and using antivirus software."
        ]
    },{
        "tag": "ev_futuristic_technology",
        "patterns": [
            "What is the future of electric vehicles?","future of ev","future of electric vehicle",
            "How will EVs evolve in the next 50 years?","ev in next years",
            "What innovations are coming to electric cars?","new technology in ev","new technology in electric vehicle",
            "Will EVs be fully autonomous in the future?",
            "charging technology EVs?","self driven ev","self driven cars","automatic driving","automatic cars",
            "What role will AI play in the future of electric vehicles?",
            "Will electric cars be able to drive themselves soon?",
            "What new features can we expect in future EVs?","new features in ev","new features in electric vehicle",
            "will battery improve for electric cars?"
        ],
        "responses": [
            "The future of electric vehicles is exciting, with advancements expected in autonomous driving, AI integration, and ultra-fast charging technology.",
            "In the next 50 years, EVs could have autonomous capabilities, smart systems for route optimization, and batteries that charge in minutes, all contributing to an eco-friendly driving experience.",
            "Next-gen innovations for electric cars include longer-lasting batteries, wireless charging, and fully autonomous driving features that may transform how we travel.",
            "Yes, many experts believe that electric vehicles will be fully autonomous in the coming decades, with self-driving cars becoming the norm for both personal and public transportation.",
            "Charging technology for EVs is expected to improve significantly, with ultra-fast charging stations that can recharge your car in minutes and wireless charging options becoming widely available.",
            "AI will play a huge role in the future of electric vehicles, optimizing driving efficiency, enhancing battery life, and enabling fully autonomous driving systems.",
            "Autonomous driving features in EVs are expected to become more advanced, with cars potentially being able to drive without any human intervention in certain conditions, making travel safer and more convenient.",
            "Future EVs will likely feature advanced AI for personalized driving experiences, enhanced interior designs with augmented reality, and self-healing materials to reduce wear and tear on vehicles.",
            "Battery technology will see major improvements, with solid-state batteries offering higher capacity, faster charging, and longer lifespans, making EVs even more efficient and convenient."
        ]
    },{
        "tag": "ev_emerging_technologies",
        "patterns": [
            "What's new in EV tech?",
            "Any new tech in electric vehicles?","new technology in ev",
            "What are the latest innovations in electric cars?","lastest ennovations in th ev",
            "How is EV technology changing?"
        ],
        "responses": [
            "Electric vehicles are seeing innovations like ultra-fast charging, solid-state batteries, and AI-driven autonomous driving systems.",
            "Emerging tech in EVs includes wireless charging, better battery storage solutions, and advanced vehicle-to-grid integration for more efficient energy use.",
            "Next-gen EVs are expected to have features like longer battery life, autonomous driving, and faster charging times, transforming how we drive and use energy.",
            "The future of electric vehicles looks bright, with advancements in AI, battery technology, and autonomous driving leading the way to smarter, faster, and more efficient cars."
        ]
    },
    {
        "tag": "ev_sustainability",
        "patterns": [
            "are electric cars eco-friendly?","eco friendly ev",
            "Why are electric vehicles considered sustainable?","sustainable ev",
            "How do EVs help the environment?","eco friendly car",
            "eco friendly electric vehicle","eco friendly electric car","eco friendly ev",
            "Are electric cars good for the planet?",
            "What are the benefits of EVs?","benefits of ev",
            "How do electric cars reduce carbon footprints?","ev reduce carbon footprint"
        ],
        "responses": [
            "Electric vehicles produce zero tailpipe emissions, which helps reduce air pollution and lowers overall carbon footprints compared to conventional vehicles.",
            "EVs are more sustainable as they rely on cleaner energy sources, reducing dependence on fossil fuels and contributing to a reduction in greenhouse gas emissions.",
            "Electric cars are eco-friendly because they use electricity, which can be sourced from renewable energy, and they have no direct emissions like gasoline-powered vehicles.",
            "By using renewable energy sources for charging and reducing dependency on fossil fuels, electric vehicles play a significant role in reducing environmental impact.",
            "EVs help the environment by lowering carbon emissions and promoting the use of green energy, making transportation cleaner and more sustainable for the future."
        ]
    },{
        "tag": "ev_maintenance",
        "patterns": [
            "How do I maintain my electric car?","how to maintain ev",
            "Do electric vehicles need oil changes?","do ev need oiling",
            "How to check tire pressure in an EV?","how to save battery",
            "What should I do if my EV battery is low?","how to maintain battery",
            "How often should I service my electric car?","how many times ev needs an servecings"
        ],
        "responses": [
            "EV maintenance is simple—check tire pressure regularly, maintain the battery, and ensure the brakes are working efficiently.",
            "Unlike gasoline cars, electric vehicles don't need oil changes, but regular checks on the battery and brakes are essential.",
            "To check tire pressure in your EV, just like any car, use a pressure gauge and ensure the tires are properly inflated for safety and efficiency.",
            "If your EV battery is low, charge it as soon as possible. Many EVs come with a range estimator to help you plan your charging needs.",
            "You should service your electric car about once a year or every 12,000 miles, focusing on the battery, brakes, and tires."
        ]
    },
    {
        "tag": "ev_eco_transportation",
        "patterns": [
            "How do electric vehicles reduce pollution?",
            "Why are EVs better for the environment?",
            "Can EVs help fight climate change?",
            "What makes electric cars sustainable?","climate change","climate change"
        ],
        "responses": [
            "Yes, electric cars are eco-friendly as they produce zero tailpipe emissions and can be powered by renewable energy sources.",
            "EVs reduce pollution by not emitting harmful gases like gasoline vehicles, which helps improve air quality and fight climate change.",
            "Electric vehicles are better for the environment because they use clean energy and reduce dependence on fossil fuels, leading to fewer carbon emissions.",
            "EVs contribute to fighting climate change by reducing greenhouse gas emissions and promoting the use of green energy for transportation.",
            "Electric cars are sustainable because they operate on electricity, which can be sourced from renewable energy, reducing the overall environmental impact."
        ]
    },
    {
        "tag": "ev_energy_consumption",
        "patterns": [
            "How to reduce energy consumption with an electric car?","how to reduce",
            "Tips to save energy while driving an EV","does ev consume electricity","does ev increses electric bill",
            "Can EVs reduce my energy bills?","ev get electricity bills","electric car bills","electricity bills",
            "How to increase efficiency","how can i save more money",
            "How can I drive my EV more efficiently?"
        ],
        "responses": [
            "To reduce energy consumption with an EV, drive efficiently by avoiding rapid acceleration, maintaining a steady speed, and using regenerative braking.",
            "To save energy while driving, avoid high speeds, use eco-driving modes if available, and keep your EV’s tires properly inflated.",
            "Yes, using an electric car can lower your energy bills, especially if you charge at home using renewable energy or during off-peak hours.",
            "Maximize your EV's efficiency by keeping your battery charged between 20-80%, driving smoothly, and minimizing the use of accessories like air conditioning.",
            "To drive your EV efficiently, avoid hard braking, plan your routes to minimize energy consumption, and use features like regenerative braking to recharge the battery."
        ]
    },    
    {
          "tag": "ev_general_info",
          "patterns": [
            "What is an electric vehicle?","advantages of ev","why to buy an ev","why i should buy an ev","why we should buy ev","why we should buy electric vehicle","why we should buy electric car",
            "How do EVs work?","why to buy electric cars","why i should buy electric car","why i should buy an electric vehicle","why i should buy an electric car",
            "What are the advantages of electric cars?"
          ],
          "responses": [
            "An electric vehicle (EV) is powered by electricity stored in batteries instead of conventional fuel like petrol or diesel.",
            "EVs work by using electric motors, which are powered by electricity stored in batteries. This makes them quieter and more efficient than traditional vehicles.",
            "Some advantages of EVs include lower running costs, reduced emissions, and quieter operation."
          ]
    },
    {
          "tag": "ev_cost",
          "patterns": [
            "Are EVs expensive?","how much a ev cost","cost of ev","cost of electric car",
            "What is the average price of an EV in India?",
            "Are there subsidies for EVs in India?"
          ],
          "responses": [
            "EVs can have higher upfront costs but are cheaper to run in the long term due to lower fuel and maintenance costs.",
            "The average cost of an EV in India ranges from ₹10 lakhs to ₹25 lakhs, depending on the model and features.",
            "Yes, the Indian government offers subsidies under the FAME India scheme to promote EV adoption."
          ]
    },
    {
          "tag": "ev_charging",
          "patterns": [
            "How long does it take to charge an EV?",
            "What are the types of EV chargers available?",
            "Where can I find charging stations near me?",
            "How do I charge my EV at home?"
          ],
          "responses": [
            "Charging times vary based on the charger type. Fast chargers can charge an EV up to 80% in 30-60 minutes, while home chargers may take 6-8 hours.",
            "The main types of EV chargers are AC (slow) and DC (fast) chargers. DC chargers are typically faster but less common.",
            "You can find nearby EV charging stations using apps like PlugShare, Tata Power EZ Charge, or Google Maps.",
            "Home charging can be done using a standard outlet or by installing a dedicated EV charger for faster and safer charging."
          ]
    },
    {
          "tag": "ev_range",
          "patterns": ["average range of an ev","average range of an electric vehicle","average range of an electric car",
            "What is the average range of an EV?","minimum range of an ev","minimum range of an electric vehicle","maximum range of an electric car",
            "How far can an EV travel on a single charge?","average range of an ev in india","average range of an electric vehicle in india","average range of an electric car in india",
            "Do EVs have good range for Indian roads?"
          ],
          "responses": [
            "The range of an EV varies by model. Most EVs in India offer a range of 200-450 km on a single charge.",
            "Models like the Tata Nexon EV Max and MG ZS EV provide extended ranges suitable for Indian roads.",
            "With proper planning and available charging infrastructure, EVs can handle both city and long-distance travel efficiently."
          ]
    },
    {
          "tag": "ev_maintenance",
          "patterns": [
            "Is maintaining an EV cheaper?","maintenance of ev","maintenance of electric car","maintenance of electric vehicle",
            "What are the maintenance requirements for EVs?",
            "Do EVs need frequent servicing?"
          ],
          "responses": [
            "Yes, maintaining an EV is cheaper as they have fewer moving parts and no need for oil changes.",
            "EV maintenance includes checking battery health, tire rotation, and ensuring the electric motor and other systems are functioning properly.",
            "EVs require less frequent servicing compared to petrol or diesel cars."
          ]
    },
    {
          "tag": "ev_environment",
          "patterns": [
            "Are EVs environmentally friendly?",
            "Do EVs reduce pollution?",
            "How does charging EVs impact the environment?"
          ],
          "responses": [
            "EVs are environmentally friendly as they produce zero tailpipe emissions, reducing air pollution.",
            "While the electricity used for charging may come from non-renewable sources, the overall carbon footprint of EVs is still lower than conventional vehicles.",
            "Using renewable energy sources for charging can further enhance the environmental benefits of EVs."
          ]
    },
    {
          "tag": "ev_comparison",
          "patterns": [
            "How do EVs compare to petrol cars?","petrol vs ev","ev vs petrol","petrol cars vs electric cars","electric cars vs petrol cars","are electric cars better then petrol cars","are petrol cars better then electric cars",
            "Are EVs good for long drives?","which is better petrol or electric","which is better electric or petrol",
            "Which is better for performance EV or petrol car"
          ],
          "responses": [
            "EVs offer instant torque, making them quick and responsive compared to petrol cars. However, their range depends on the battery capacity.",
            "For long drives, EVs may require planning to access charging stations, but newer models offer extended ranges.",
            "Performance-wise, EVs are often smoother and quieter, with competitive acceleration compared to petrol cars."
          ]
    },
    {
          "tag": "ev_myths",
          "patterns": [
            "Are EVs too slow?",
            "Can EVs handle rough terrain?",
            "Do EV batteries have a short life?",
            "Are EVs only for city use?"
          ],
          "responses": [
            "Modern EVs are not slow; they often accelerate faster than petrol cars due to instant torque.",
            "Some EVs, like the Tata Nexon EV, are built to handle rough terrain and are suitable for Indian roads.",
            "EV batteries are designed to last several years, with most manufacturers offering warranties of 8 years or more.",
            "EVs are suitable for both city and highway driving, with models designed for a variety of use cases."
          ]
    },
    {
          "tag": "ev_models_india",
          "patterns": [
            "What are the top EV models in India?",
            "Compare Tata Nexon EV and MG ZS EV.",
            "Which EV is affordable in India?"
          ],
          "responses": [
            "Top EV models in India include Tata Nexon EV, MG ZS EV, Hyundai Kona, and Mahindra XUV400.",
            "Tata Nexon EV offers better affordability and compact size, while MG ZS EV provides a larger battery and extended range.",
            "For budget-conscious buyers, the Tata Nexon EV is an excellent choice."
          ]
    },
    {
        "tag": "tesla_vs_nissan",
        "patterns": [
            "Compare Tesla Model 3 and Nissan Leaf","leaf vs model 3","compare nissan leaf and tesla model 3","nissan leaf vs tesla model 3",
            "which is better Tesla Model 3 vs Nissan Leaf?",
            "Model 3 vs Leaf","tesla model 3 vs nissan leaf","tesla vs nissan"
        ],
        "responses": [
            "The Tesla Model 3 offers a longer range (~430-570 km) and faster acceleration compared to the Nissan Leaf (~240-360 km). However, the Nissan Leaf is more affordable and has a proven reliability record."
        ]
    },
    {
        "tag": "kona_vs_ev6",
        "patterns": [
            "Which is better Hyundai Kona Electric or Kia EV6","Which is better Kia EV6 or Hyundai Kona Electric",
            "Hyundai Kona vs Kia EV6","Kia EV6 vs Hyundai Kona",
            "Kona vs EV6","ev6 vs kona"
        ],
        "responses": [
            "The Hyundai Kona Electric provides a range of ~400-480 km, while the Kia EV6 offers ~480-500 km. Both are reliable, but the EV6 boasts a more modern design and advanced features."
        ]
    },
    {
        "tag": "model_y_vs_mach_e",
        "patterns": [
            "Tesla Model Y vs Ford Mustang Mach-E comparison","compare Tesla Model Y vs Ford Mustang Mach-E ","compare Ford Mustang Mach-E vs Tesla Model Y",
            "How does the Tesla Model Y compare to the Ford Mustang Mach-E?",
            "Model Y vs Mach-E","Mach-E vs Model Y"
        ],
        "responses": [
            "The Tesla Model Y has a range of ~450-530 km and is known for its performance and technology. The Ford Mustang Mach-E offers a range of ~400-500 km and combines legacy brand trust with EV innovation."
        ]
    },
    {
        "tag": "id4_vs_ioniq5",
        "patterns": [
            "Differences between Volkswagen ID.4 and Hyundai Ioniq 5.",
            "Compare Volkswagen ID.4 and Hyundai Ioniq 5.","Compare Hyundai Ioniq 5 and Volkswagen ID.4",
            "ID.4 vs Ioniq 5","Ioniq 5 vs ID.4"
        ],
        "responses": [
            "The Volkswagen ID.4 provides a range of ~400-520 km and is praised for its practicality. The Hyundai Ioniq 5 offers a similar range (~480 km) with a futuristic design and advanced tech."
        ]
    },
    {
        "tag": "zoe_vs_leaf",
        "patterns": [
            "How does Renault Zoe compare to Nissan Leaf?","which is better nissan leaf or renault zoe",
            "which is better Renault Zoe or Nissan Leaf","compare Renault Zoe vs Nissan Leaf",
            "Zoe vs Leaf","compare nissan leaf or renault zoe","leaf or renault zoe"
        ],
        "responses": [
            "The Renault Zoe has a range of ~395 km and is suitable for city driving. The Nissan Leaf offers a range of ~240-360 km and is known for its reliability and affordability."
        ]
    },
    {
        "tag": "mg_vs_tata",
        "patterns": [
            "which is better MG ZS EV vs Tata Nexon EV","which is better tata nexon ev vs mg zs ev",
            "Compare MG ZS EV and Tata Nexon EV","Compare tata nexon ev vs mg zs ev",
            "ZS EV vs Nexon EV","Nexon EV vs ZS EV"
        ],
        "responses": [
            "The MG ZS EV offers a range of ~320-400 km and supports faster charging. The Tata Nexon EV provides a range of ~312 km and is more affordable, making it a popular choice in India."
        ]
    },
    {
        "tag": "model3_vs_ioniq5",
        "patterns": [
            "Compare Tesla Model 3 and Hyundai Ioniq 5.",
            "compare Hyundai Ioniq 5 vs Tesla Model 3",
            "Model 3 vs Ioniq 5","ioniq 5 vs model 3"
        ],
        "responses": [
            "The Tesla Model 3 offers a longer range (~430-570 km) and advanced technology compared to the Hyundai Ioniq 5 (~480 km). However, the Ioniq 5 stands out with its futuristic design and spacious interior."
        ]
    },
    {"tag": "fallback",
    "patterns": [],
    "responses": ["Sorry, I didn't catch that. Could you clarify?"]},
    {
        "tag": "ev6_vs_model_y",
        "patterns": [
            "Which is better Kia EV6 or Tesla Model Y?",
            "Compare Kia EV6 and Tesla Model Y","Compare Tesla Model Y and Kia EV6",
            "EV6 vs Model Y","model y vs ev6"
        ],
        "responses": [
            "The Kia EV6 offers a range of ~480-500 km, slightly edging out the Tesla Model Y's ~450-530 km. Both are excellent choices, but the EV6 provides a more modern design."
        ]
    },
    {
        "tag": "mach_e_vs_id4",
        "patterns": [
            "compare Ford Mustang Mach-E and Volkswagen ID.4.","compare volkswagen id.4 vs ford mustang mach-e",
            "Which is better Ford Mustang Mach-E or Volkswagen ID.4","Which is better Volkswagen ID.4 or Ford Mustang Mach-E",
            "Mach-E vs ID.4","id.4 vs mach-e"
        ],
        "responses": [
            "The Ford Mustang Mach-E and Volkswagen ID.4 have comparable charging times, with both supporting fast-charging capabilities that can replenish the battery to 80% in approximately 30-45 minutes."
        ]
    },
    {
        "tag": "model3_vs_ev6",
        "patterns": [
            "compare Tesla Model 3 and Kia EV6",
            "Which is better Tesla Model 3 or Kia EV6","which is better kia ev6 vs tesla model 3",
            "Model 3 vs EV6","ev6 vs model 3"
        ],
        "responses": [
            "The Tesla Model 3 is known for its rapid acceleration and sporty handling, while the Kia EV6 offers impressive performance with a focus on comfort and modern design."
        ]
    },    {
      "tag": "kona_electric_2024",
      "patterns": [
          "Tell me about Kona Electric 2024", "kona electric 2024",
          "What is the range of Kona Electric 2024?",
          "What are the features of Kona Electric 2024?"
      ],
      "responses": [
          "name: Kona Electric 2024\nbattery_range: 400-450 km\ncharging_infrastructure: Home and fast charging stations\ncharging_time: 7-8 hours (home) 45 minutes (fast charging)\nbattery_life_warranty: 8 years or 160,000 km\ntotal_cost_of_ownership: Moderate initial cost, low maintenance\nperformance: 0-100 km/h in 6.9 seconds\nfeatures_technology: Advanced infotainment, regenerative braking, driver assistance features\nsize_design: Compact SUV with a modern look\ninsurance_costs: Moderate\nmanufacturer_support: Extensive service network"
      ]
  },
  {
      "tag": "rivian_r1t",
      "patterns": [
          "Tell me about Rivian R1T", "rivian r1t",
          "What is the range of Rivian R1T?",
          "What are the features of Rivian R1T?"
      ],
      "responses": [
          "name: Rivian R1T\nbattery_range: 480-640 km\ncharging_infrastructure: Home charging, Rivian Adventure Network\ncharging_time: 8-10 hours (home) 30 minutes (fast charging)\nbattery_life_warranty: 8 years or 160,000 km\ntotal_cost_of_ownership: High initial cost, low maintenance\nperformance: 0-100 km/h in 3.0 seconds\nfeatures_technology: Adventure-focused technology, quad-motor powertrain, adaptive air suspension\nsize_design: Electric pickup truck with rugged design\ninsurance_costs: High\nmanufacturer_support: Limited service network"
      ]
  },
  {
      "tag": "din_l",
      "patterns": [
          "Tell me about Din L", "din l",
          "What is the range of Din L?",
          "What are the features of Din L?"
      ],
      "responses": [
          "name: Din L\nbattery_range: 300-350 km\ncharging_infrastructure: Home and fast charging\ncharging_time: 8 hours (home) 50 minutes (fast charging)\nbattery_life_warranty: 8 years or 160,000 km\ntotal_cost_of_ownership: Affordable, low maintenance\nperformance: Smooth performance for city driving\nfeatures_technology: Basic infotainment, regenerative braking\nsize_design: Compact electric car\ninsurance_costs: Low\nmanufacturer_support: Limited"
      ]
  },
  {
      "tag": "seekr_001",
      "patterns": [
          "Tell me about Seekr 001", "seekr 001",
          "What is the range of Seekr 001?",
          "What are the features of Seekr 001?"
      ],
      "responses": [
          "name: Seekr 001\nbattery_range: 500-550 km\ncharging_infrastructure: Home charging, fast charging\ncharging_time: 8 hours (home) 30 minutes (fast charging)\nbattery_life_warranty: 8 years or 160,000 km\ntotal_cost_of_ownership: High initial cost, low maintenance\nperformance: 0-100 km/h in 4.2 seconds\nfeatures_technology: Advanced technology suite, over-the-air updates, autonomous features\nsize_design: Sleek electric sedan\ninsurance_costs: Moderate\nmanufacturer_support: Limited"
      ]
  },
  {
      "tag": "xiaomi_su7",
      "patterns": [
          "Tell me about Xiaomi SU7", "xiaomi su7",
          "What is the range of Xiaomi SU7?",
          "What are the features of Xiaomi SU7?"
      ],
      "responses": [
          "name: Xiaomi SU7\nbattery_range: 450-500 km\ncharging_infrastructure: Home and public charging\ncharging_time: 8 hours (home) 40 minutes (fast charging)\nbattery_life_warranty: 8 years or 160,000 km\ntotal_cost_of_ownership: Moderate initial cost, low maintenance\nperformance: 0-100 km/h in 6.5 seconds\nfeatures_technology: Advanced infotainment, autonomous driving features\nsize_design: Modern SUV with sleek design\ninsurance_costs: Moderate\nmanufacturer_support: Limited service network"
      ]
  },
  {
      "tag": "byd_dolphin",
      "patterns": [
          "Tell me about BYD Dolphin", "byd dolphin",
          "What is the range of BYD Dolphin?",
          "What are the features of BYD Dolphin?"
      ],
      "responses": [
          "name: BYD Dolphin\nbattery_range: 300-350 km\ncharging_infrastructure: Home charging, fast charging stations\ncharging_time: 6-8 hours (home) 50 minutes (fast charging)\nbattery_life_warranty: 8 years or 160,000 km\ntotal_cost_of_ownership: Affordable, low maintenance\nperformance: Smooth acceleration and decent range\nfeatures_technology: Advanced infotainment, autonomous driving aids\nsize_design: Compact hatchback with a modern design\ninsurance_costs: Low to moderate\nmanufacturer_support: Limited service network in India"
      ]
  },
  {
      "tag": "volkswagen_id3",
      "patterns": [
          "Tell me about Volkswagen ID.3", "volkswagen id.3",
          "What is the range of Volkswagen ID.3?",
          "What are the features of Volkswagen ID.3?"
      ],
      "responses": [
          "name: Volkswagen ID.3\nbattery_range: 350-450 km\ncharging_infrastructure: Home charging, fast charging stations\ncharging_time: 7-8 hours (home) 35 minutes (fast charging)\nbattery_life_warranty: 8 years or 160,000 km\ntotal_cost_of_ownership: Moderate initial cost, low maintenance\nperformance: 0-100 km/h in 7.3 seconds\nfeatures_technology: 10-inch infotainment, adaptive cruise control, over-the-air updates\nsize_design: Compact hatchback with modern design\ninsurance_costs: Moderate\nmanufacturer_support: Extensive service network"
      ]
  },
  {
      "tag": "volvo_ex30",
      "patterns": [
          "Tell me about Volvo EX30", "volvo ex30",
          "What is the range of Volvo EX30?",
          "What are the features of Volvo EX30?"
      ],
      "responses": [
          "name: Volvo EX30\nbattery_range: 400-450 km\ncharging_infrastructure: Home charging, fast charging stations\ncharging_time: 7-8 hours (home) 35 minutes (fast charging)\nbattery_life_warranty: 8 years or 160,000 km\ntotal_cost_of_ownership: High initial cost, low maintenance\nperformance: 0-100 km/h in 5.4 seconds\nfeatures_technology: Advanced safety features, driver assistance, premium interior\nsize_design: Compact luxury SUV\ninsurance_costs: Moderate\nmanufacturer_support: Extensive service network"
      ]
  },{
  "tag": "byd_yuan_plus",
  "patterns": [
      "Tell me about BYD Yuan Plus", "byd yuan plus",
      "What is the range of BYD Yuan Plus?",
      "What are the features of BYD Yuan Plus?"
  ],
  "responses": [
      "name: BYD Yuan Plus\nbattery_range: 430-510 km\ncharging_infrastructure: Home charging, fast charging stations\ncharging_time: 7-8 hours (home) 45 minutes (fast charging)\nbattery_life_warranty: 8 years or 160,000 km\ntotal_cost_of_ownership: Moderate initial cost, low maintenance\nperformance: 0-100 km/h in 7.3 seconds\nfeatures_technology: 12.8-inch touchscreen, driver assistance features, regenerative braking\nsize_design: Compact SUV with modern design\ninsurance_costs: Moderate\nmanufacturer_support: Extensive service network in some regions"
  ]
},
{
          "tag": "tesla_model_3",
          "patterns": [
            "Tell me about Tesla Model 3","tesla model 3",
            "What is the range of Tesla Model 3?",
            "What are the features of Tesla Model 3?"
          ],
          "responses": [
            "name: Tesla Model 3\nbattery_range: 430-570 km\ncharging_infrastructure: Tesla Supercharger network and home charging\ncharging_time: 7-8 hours (home) 30-40 minutes (Supercharger)\nbattery_life_warranty: 8 years or 160,000 km\ntotal_cost_of_ownership: High initial cost, low maintenance\nperformance: 0-100 km/h in 3.1 seconds (Performance trim)\nfeatures_technology: Autopilot, over-the-air updates, premium interior\nenvironmental_impact: Zero emissions, renewable energy-compatible charging\nsize_design: Compact sedan with a minimalist design\ngovernment_policies_incentives: Eligible for subsidies in some regions\ninsurance_costs: Moderate to high\nmanufacturer_support: Limited service network in India"
          ]
        },
        {
          "tag": "tesla_model_y",
          "patterns": [
            "Tell me about Tesla Model Y","tesla model y",
            "What is the range of Tesla Model Y?",
            "What are the features of Tesla Model Y?"
          ],
          "responses": [
            "name: Tesla Model Y\nbattery_range: 455-525 km\ncharging_infrastructure: Tesla Supercharger network and home charging\ncharging_time: 8-10 hours (home) 30-40 minutes (Supercharger)\nbattery_life_warranty: 8 years or 160,000 km\ntotal_cost_of_ownership: High initial cost, low maintenance\nperformance: 0-100 km/h in 3.7 seconds (Performance trim)\nfeatures_technology: Spacious interior, Autopilot, over-the-air updates, advanced infotainment\nenvironmental_impact: Zero emissions, renewable energy-compatible charging\nsize_design: SUV with up to 7 seats and minimalist design\ngovernment_policies_incentives: Eligible for subsidies in some regions\ninsurance_costs: Moderate to high\nmanufacturer_support: Limited service network in India"
          ]
        },
        {
          "tag": "nissan_leaf",
          "patterns": [
            "Tell me about Nissan Leaf","nissa leaf",
            "What is the range of Nissan Leaf?",
            "What are the features of Nissan Leaf?"
          ],
          "responses": [
            "name: Nissan Leaf\nbattery_range: 240-360 km\ncharging_infrastructure: Home charging, fast charging stations\ncharging_time: 7-8 hours (home) 40-60 minutes (fast charging)\nbattery_life_warranty: 8 years or 160,000 km\ntotal_cost_of_ownership: Affordable, low maintenance costs\nperformance: 0-100 km/h in 7.9 seconds\nfeatures_technology: e-Pedal, ProPILOT Assist, advanced safety features\nenvironmental_impact: Zero emissions, eco-friendly driving\nsize_design: Compact hatchback with spacious interior\ngovernment_policies_incentives: Eligible for subsidies in some regions\ninsurance_costs: Low to moderate\nmanufacturer_support: Widely available in India"
          ]
        },
        {
          "tag": "hyundai_kona_electric",
          "patterns": [
            "Tell me about Hyundai Kona Electric","hyundai kona",
            "What is the range of Hyundai Kona Electric?",
            "What are the features of Hyundai Kona Electric?"
          ],
          "responses": [
            "name: Hyundai Kona Electric\nbattery_range: 400-480 km\ncharging_infrastructure: Home charging, fast charging stations\ncharging_time: 7-8 hours (home) 54 minutes (fast charging)\nbattery_life_warranty: 8 years or 160,000 km\ntotal_cost_of_ownership: Moderate initial cost, low maintenance\nperformance: Smooth performance with excellent handling\nfeatures_technology: 10.25-inch touchscreen, wireless charging, regenerative braking\nenvironmental_impact: Zero emissions, eco-friendly driving\nsize_design: Compact SUV with modern design\ngovernment_policies_incentives: Eligible for subsidies in some regions\ninsurance_costs: Moderate\nmanufacturer_support: Limited service network in India"
          ]
        },
        {
          "tag": "kia_ev6",
          "patterns": [
            "Tell me about Kia EV6","kia ev6",
            "What is the range of Kia EV6?",
            "What are the features of Kia EV6?"
          ],
          "responses": [
            "name: Kia EV6\nbattery_range: 480-500 km\ncharging_infrastructure: Home charging, fast charging stations\ncharging_time: 18-22 hours (home) 18 minutes (fast charging 80%)\nbattery_life_warranty: 7 years\ntotal_cost_of_ownership: Moderate initial cost, low maintenance\nperformance: 0-100 km/h in 5.2 seconds\nfeatures_technology: Advanced touchscreen, regenerative braking, autonomous aids\nenvironmental_impact: Zero emissions, renewable energy-compatible charging\nsize_design: Stylish SUV with futuristic design\ngovernment_policies_incentives: Eligible for subsidies in some regions\ninsurance_costs: Moderate\nmanufacturer_support: Limited service network in India"
          ]
        },
        {
          "tag": "volkswagen_id4",
          "patterns": [
            "Tell me about Volkswagen ID.4","volkswagen id.4",
            "What is the range of Volkswagen ID.4?",
            "What are the features of Volkswagen ID.4?"
          ],
          "responses": [
            "name: Volkswagen ID.4\nbattery_range: 400-520 km\ncharging_infrastructure: Home charging, fast charging stations\ncharging_time: 8 hours (home) 38 minutes (fast charging 80%)\nbattery_life_warranty: 8 years or 160,000 km\ntotal_cost_of_ownership: Moderate initial cost, low maintenance\nperformance: Smooth acceleration with great handling\nfeatures_technology: 12-inch touchscreen, adaptive cruise control, augmented reality head-up display\nenvironmental_impact: Zero emissions, eco-friendly driving\nsize_design: Practical SUV with modern technology\ngovernment_policies_incentives: Eligible for subsidies in some regions\ninsurance_costs: Moderate\nmanufacturer_support: Limited service network in India"
          ]
        },
        {
          "tag": "mg_zs_ev",
          "patterns": [
            "Tell me about MG ZS EV","mg zs ev",
            "What is the range of MG ZS EV?",
            "What are the features of MG ZS EV?"
          ],
          "responses": [
            "name: MG ZS EV\nbattery_range: 419 km\ncharging_infrastructure: Home charging, fast charging stations\ncharging_time: 6-8 hours (home) 50 minutes (fast charging 80%)\nbattery_life_warranty: 8 years or 160,000 km\ntotal_cost_of_ownership: Moderate initial cost, affordable maintenance\nperformance: 0-100 km/h in 8.5 seconds\nfeatures_technology: 10.1-inch touchscreen, connected car features, parking assist\nenvironmental_impact: Zero emissions, eco-friendly driving\nsize_design: Compact SUV with modern design\ngovernment_policies_incentives: Eligible for subsidies in some regions\ninsurance_costs: Moderate\nmanufacturer_support: Extensive service network in India"
          ]
        },
        {
          "tag": "byd_dolphin",
          "patterns": [
            "Tell me about BYD Dolphin","byd dolphin",
            "What is the range of BYD Dolphin?",
            "What are the features of BYD Dolphin?"
          ],
          "responses": [
            "name: BYD Dolphin\nbattery_range: 300-350 km\ncharging_infrastructure: Home charging, fast charging stations\ncharging_time: 6-8 hours (home) 50 minutes (fast charging)\nbattery_life_warranty: 8 years or 160,000 km\ntotal_cost_of_ownership: Affordable, low maintenance\nperformance: Smooth acceleration and decent range\nfeatures_technology: Advanced infotainment, autonomous driving aids\nenvironmental_impact: Zero emissions, eco-friendly driving\nsize_design: Compact hatchback with a modern design\ngovernment_policies_incentives: Eligible for subsidies in some regions\ninsurance_costs: Low to moderate\nmanufacturer_support: Limited service network in India"
          ]
        },
        {
          "tag": "tata_nexon_ev",
          "patterns": [
            "Tell me about Tata Nexon EV","tata nexon ev",
            "What is the range of Tata Nexon EV?",
            "What are the features of Tata Nexon EV?"
          ],
          "responses": [
            "name: Tata Nexon EV\nbattery_range: 312-437 km\ncharging_infrastructure: Home charging, fast charging stations\ncharging_time: 7-8 hours (home) 60 minutes (fast charging 80%)\nbattery_life_warranty: 8 years or 160,000 km\ntotal_cost_of_ownership: Affordable initial cost, low maintenance\nperformance: 0-100 km/h in 9.9 seconds\nfeatures_technology: 7-inch touchscreen, connected car features, regenerative braking\nenvironmental_impact: Zero emissions, eco-friendly driving\nsize_design: Compact SUV with stylish design\ngovernment_policies_incentives: Eligible for subsidies in some regions\ninsurance_costs: Low to moderate\nmanufacturer_support: Extensive service network in India"
          ]
        },
        {
          "tag": "renault_zoe",
          "patterns": [
            "Tell me about Renault Zoe","renault zoe",
            "What is the range of Renault Zoe?",
            "What are the features of Renault Zoe?"
          ],
          "responses": [
            "name: Renault Zoe\nbattery_range: 300-400 km\ncharging_infrastructure: Home charging, public charging stations\ncharging_time: 7-8 hours (home) 60 minutes (fast charging 80%)\nbattery_life_warranty: 8 years or 160,000 km\ntotal_cost_of_ownership: Affordable, low maintenance\nperformance: Smooth acceleration\nfeatures_technology: 7-inch touchscreen, autonomous driving features\nenvironmental_impact: Zero emissions, eco-friendly driving\nsize_design: Compact hatchback with modern design\ngovernment_policies_incentives: Eligible for subsidies in some regions\ninsurance_costs: Low\nmanufacturer_support: Limited service network in India"
          ]
        },
        {
          "tag": "wuling_hongguang_mini_ev",
          "patterns": [
            "Tell me about Wuling Hongguang Mini EV","wuling hongguang mini ev",
            "What is the range of Wuling Hongguang Mini EV?",
            "What are the features of Wuling Hongguang Mini EV?"
          ],
          "responses": [
            "name: Wuling Hongguang Mini EV\nbattery_range: 120-170 km\ncharging_infrastructure: Home charging\ncharging_time: 6-8 hours (home)\nbattery_life_warranty: 8 years or 100,000 km\ntotal_cost_of_ownership: Very affordable\nperformance: Basic performance, ideal for city driving\nfeatures_technology: Basic infotainment system, manual controls\nenvironmental_impact: Zero emissions, eco-friendly driving\nsize_design: Micro car, compact and simple design\ngovernment_policies_incentives: Eligible for subsidies in some regions\ninsurance_costs: Low\nmanufacturer_support: Limited service network in India"
          ]
        },
        {
          "tag": "hyundai_ioniq_5",
          "patterns": [
            "Tell me about Hyundai Ioniq 5","hyundai ioniq 5",
            "What is the range of Hyundai Ioniq 5?",
            "What are the features of Hyundai Ioniq 5?"
          ],
          "responses": [
            "name: Hyundai Ioniq 5\nbattery_range: 480-600 km\ncharging_infrastructure: Home charging, fast charging stations\ncharging_time: 18-22 hours (home) 18 minutes (fast charging 80%)\nbattery_life_warranty: 8 years or 160,000 km\ntotal_cost_of_ownership: Moderate initial cost, low maintenance\nperformance: 0-100 km/h in 5.2 seconds\nfeatures_technology: 12.3-inch touchscreen, autonomous driving features\nenvironmental_impact: Zero emissions, eco-friendly driving\nsize_design: SUV with futuristic design and spacious interior\ngovernment_policies_incentives: Eligible for subsidies in some regions\ninsurance_costs: Moderate\nmanufacturer_support: Limited service network in India"
          ]
        },
        {
          "tag": "ford_mustang_mach_e",
          "patterns": [
            "Tell me about Ford Mustang Mach-E","ford mustang mach e",
            "What is the range of Ford Mustang Mach-E?",
            "What are the features of Ford Mustang Mach-E?"
          ],
          "responses": [
            "name: Ford Mustang Mach-E\nbattery_range: 400-490 km\ncharging_infrastructure: Home charging, fast charging stations\ncharging_time: 8-10 hours (home) 38 minutes (fast charging 80%)\nbattery_life_warranty: 8 years or 160,000 km\ntotal_cost_of_ownership: High initial cost, low maintenance\nperformance: 0-100 km/h in 5.1 seconds\nfeatures_technology: 15.5-inch touchscreen, autonomous driving aids\nenvironmental_impact: Zero emissions, eco-friendly driving\nsize_design: Stylish SUV with Mustang heritage\ngovernment_policies_incentives: Eligible for subsidies in some regions\ninsurance_costs: Moderate to high\nmanufacturer_support: Limited service network in India"
          ]
        },
        {
          "tag": "byd_atto_3",
          "patterns": [
            "Tell me about BYD Atto 3","byd atto 3",
            "What is the range of BYD Atto 3?",
            "What are the features of BYD Atto 3?"
          ],
          "responses": [
            "name: BYD Atto 3\nbattery_range: 400-480 km\ncharging_infrastructure: Home charging, fast charging stations\ncharging_time: 8-10 hours (home) 50 minutes (fast charging 80%)\nbattery_life_warranty: 8 years or 160,000 km\ntotal_cost_of_ownership: Moderate initial cost, low maintenance\nperformance: 0-100 km/h in 7.3 seconds\nfeatures_technology: 12.8-inch touchscreen, autonomous driving features\nenvironmental_impact: Zero emissions, eco-friendly driving\nsize_design: Modern SUV design with futuristic touches\ngovernment_policies_incentives: Eligible for subsidies in some regions\ninsurance_costs: Moderate\nmanufacturer_support: Limited service network in India"
          ]
        },
        {
          "tag": "tata_tiago_ev",
          "patterns": [
            "Tell me about Tata Tiago EV","tta tiago ev",
            "What is the range of Tata Tiago EV?",
            "What are the features of Tata Tiago EV?"
          ],
          "responses": [
            "name: Tata Tiago EV\nbattery_range: 250-300 km\ncharging_infrastructure: Home charging, fast charging stations\ncharging_time: 7-8 hours (home) 60 minutes (fast charging 80%)\nbattery_life_warranty: 8 years or 160,000 km\ntotal_cost_of_ownership: Affordable, low maintenance\nperformance: Smooth city driving performance\nfeatures_technology: 7-inch touchscreen, safety features\nenvironmental_impact: Zero emissions, eco-friendly driving\nsize_design: Compact hatchback with a modern design\ngovernment_policies_incentives: Eligible for subsidies in some regions\ninsurance_costs: Low\nmanufacturer_support: Extensive service network in India"
          ]
        },
        {
          "tag": "tata_tigor_ev",
          "patterns": [
            "Tell me about Tata Tigor EV","tta tigor ev",
            "What is the range of Tata Tigor EV?",
            "What are the features of Tata Tigor EV?"
          ],
          "responses": [
            "name: Tata Tigor EV\nbattery_range: 250-300 km\ncharging_infrastructure: Home charging, fast charging stations\ncharging_time: 7-8 hours (home) 60 minutes (fast charging 80%)\nbattery_life_warranty: 8 years or 160,000 km\ntotal_cost_of_ownership: Affordable, low maintenance\nperformance: Smooth performance with decent city range\nfeatures_technology: 7-inch touchscreen, connected car features\nenvironmental_impact: Zero emissions, eco-friendly driving\nsize_design: Compact sedan with a stylish design\ngovernment_policies_incentives: Eligible for subsidies in some regions\ninsurance_costs: Low\nmanufacturer_support: Extensive service network in India"
          ]
        },
        {
          "tag": "mahindra_xuv400",
          "patterns": [
            "Tell me about Mahindra XUV400","mahindra xuv400",
            "What is the range of Mahindra XUV400?",
            "What are the features of Mahindra XUV400?"
          ],
          "responses": [
            "name: Mahindra XUV400\nbattery_range: 375-450 km\ncharging_infrastructure: Home charging, fast charging stations\ncharging_time: 7-8 hours (home) 50 minutes (fast charging 80%)\nbattery_life_warranty: 8 years or 160,000 km\ntotal_cost_of_ownership: Moderate initial cost, low maintenance\nperformance: 0-100 km/h in 8.5 seconds\nfeatures_technology: 7-inch touchscreen, connected car features, advanced safety aids\nenvironmental_impact: Zero emissions, eco-friendly driving\nsize_design: SUV with modern design and features\ngovernment_policies_incentives: Eligible for subsidies in some regions\ninsurance_costs: Moderate\nmanufacturer_support: Limited service network in India"
          ]
        },
        {
          "tag": "mahindra_e_verito",
          "patterns": [
            "Tell me about Mahindra e-Verito","mahindra e verito",
            "What is the range of Mahindra e-Verito?",
            "What are the features of Mahindra e-Verito?"
          ],
          "responses": [
            "name: Mahindra e-Verito\nbattery_range: 140-150 km\ncharging_infrastructure: Home charging\ncharging_time: 6-8 hours (home)\nbattery_life_warranty: 8 years or 100,000 km\ntotal_cost_of_ownership: Affordable, low maintenance\nperformance: Ideal for city driving\nfeatures_technology: Basic infotainment, manual controls\nenvironmental_impact: Zero emissions, eco-friendly driving\nsize_design: Sedan with practical interior\ngovernment_policies_incentives: Eligible for subsidies in some regions\ninsurance_costs: Low\nmanufacturer_support: Limited service network in India"
          ]
        },
        {
          "tag": "mg_comet_ev",
          "patterns": [
            "Tell me about MG Comet EV","mg comet ev",
            "What is the range of MG Comet EV?",
            "What are the features of MG Comet EV?"
          ],
          "responses": [
            "name: MG Comet EV\nbattery_range: 230-250 km\ncharging_infrastructure: Home charging, fast charging stations\ncharging_time: 6-8 hours (home) 50 minutes (fast charging)\nbattery_life_warranty: 8 years or 160,000 km\ntotal_cost_of_ownership: Affordable, low maintenance\nperformance: Smooth city driving performance\nfeatures_technology: Compact infotainment system, safety features\nenvironmental_impact: Zero emissions, eco-friendly driving\nsize_design: Micro car with compact design\ngovernment_policies_incentives: Eligible for subsidies in some regions\ninsurance_costs:Low\nmanufacturer_support: Limited service network in India"
          ]
        },
        {
          "tag": "byd_e6",
          "patterns": [
            "Tell me about BYD e6","byd ev6",
            "What is the range of BYD e6?",
            "What are the features of BYD e6?"
          ],
          "responses": [
            "name: BYD e6\nbattery_range: 200-250 km\ncharging_infrastructure: Home charging, fast charging stations\ncharging_time: 7-8 hours (home) 60 minutes (fast charging)\nbattery_life_warranty: 8 years or 160,000 km\ntotal_cost_of_ownership: Affordable, low maintenance\nperformance: Practical city performance, ideal for urban use\nfeatures_technology: Basic infotainment system, manual controls\nenvironmental_impact: Zero emissions, eco-friendly driving\nsize_design: MPV with practical interior space\ngovernment_policies_incentives: Eligible for subsidies in some regions\ninsurance_costs: Low\nmanufacturer_support: Limited service network in India"
          ]
        },
        {
          "tag": "citroen_ec3",
          "patterns": [
            "Tell me about Citroën eC3","citroen ec3",
            "What is the range of Citroën eC3?",
            "What are the features of Citroën eC3?"
          ],
          "responses": [
            "name: Citroën eC3\nbattery_range: 250-300 km\ncharging_infrastructure: Home charging, fast charging stations\ncharging_time: 7-8 hours (home) 60 minutes (fast charging 80%)\nbattery_life_warranty: 8 years or 160,000 km\ntotal_cost_of_ownership: Affordable, low maintenance\nperformance: Smooth city driving performance\nfeatures_technology: 7-inch touchscreen, connected car features\nenvironmental_impact: Zero emissions, eco-friendly driving\nsize_design: Compact hatchback with modern design\ngovernment_policies_incentives: Eligible for subsidies in some regions\ninsurance_costs: Low\nmanufacturer_support: Limited service network in India"
          ]
        }
      
    
]